provider,model_id,created,owned_by,input,output
OpenRouter,bytedance-seed/seed-1.6-flash,1766505011.0,,1.0,1.0
OpenRouter,bytedance-seed/seed-1.6,1766504997.0,,1.0,1.0
OpenRouter,minimax/minimax-m2.1,1766454997.0,,1.0,1.0
OpenRouter,z-ai/glm-4.7,1766378014.0,,1.0,1.0
OpenRouter,google/gemini-3-flash-preview,1765987078.0,,1.0,1.0
OpenRouter,mistralai/mistral-small-creative,1765908653.0,,1.0,1.0
OpenRouter,allenai/olmo-3.1-32b-think:free,1765907719.0,,1.0,1.0
OpenRouter,xiaomi/mimo-v2-flash:free,1765731308.0,,1.0,1.0
OpenRouter,nvidia/nemotron-3-nano-30b-a3b:free,1765731275.0,,1.0,1.0
OpenRouter,nvidia/nemotron-3-nano-30b-a3b,1765731275.0,,1.0,1.0
OpenRouter,openai/gpt-5.2-chat,1765389783.0,,1.0,1.0
OpenRouter,openai/gpt-5.2-pro,1765389780.0,,1.0,1.0
OpenRouter,openai/gpt-5.2,1765389775.0,,1.0,1.0
OpenRouter,mistralai/devstral-2512:free,1765285419.0,,1.0,1.0
OpenRouter,mistralai/devstral-2512,1765285419.0,,1.0,1.0
OpenRouter,relace/relace-search,1765213560.0,,1.0,1.0
OpenRouter,z-ai/glm-4.6v,1765207462.0,,1.0,1.0
OpenRouter,nex-agi/deepseek-v3.1-nex-n1:free,1765204393.0,,1.0,1.0
OpenRouter,essentialai/rnj-1-instruct,1765094847.0,,1.0,1.0
OpenRouter,openrouter/bodybuilder,1764903653.0,,1.0,1.0
OpenRouter,openai/gpt-5.1-codex-max,1764878934.0,,1.0,1.0
OpenRouter,amazon/nova-2-lite-v1,1764696672.0,,1.0,1.0
OpenRouter,mistralai/ministral-14b-2512,1764681735.0,,1.0,1.0
OpenRouter,mistralai/ministral-8b-2512,1764681654.0,,1.0,1.0
OpenRouter,mistralai/ministral-3b-2512,1764681560.0,,1.0,1.0
OpenRouter,mistralai/mistral-large-2512,1764624472.0,,1.0,1.0
OpenRouter,arcee-ai/trinity-mini:free,1764601720.0,,1.0,1.0
OpenRouter,arcee-ai/trinity-mini,1764601720.0,,1.0,1.0
OpenRouter,deepseek/deepseek-v3.2-speciale,1764594837.0,,1.0,1.0
OpenRouter,deepseek/deepseek-v3.2,1764594642.0,,1.0,1.0
OpenRouter,prime-intellect/intellect-3,1764212534.0,,1.0,1.0
OpenRouter,tngtech/tng-r1t-chimera,1764184161.0,,1.0,1.0
OpenRouter,anthropic/claude-opus-4.5,1764010580.0,,1.0,1.0
OpenRouter,allenai/olmo-3-32b-think:free,1763758276.0,,1.0,1.0
OpenRouter,allenai/olmo-3-7b-instruct,1763758273.0,,1.0,1.0
OpenRouter,allenai/olmo-3-7b-think,1763758270.0,,1.0,1.0
OpenRouter,google/gemini-3-pro-image-preview,1763653797.0,,1.0,1.0
OpenRouter,x-ai/grok-4.1-fast,1763587502.0,,1.0,1.0
OpenRouter,google/gemini-3-pro-preview,1763474668.0,,1.0,1.0
OpenRouter,deepcogito/cogito-v2.1-671b,1763071233.0,,1.0,1.0
OpenRouter,openai/gpt-5.1,1763060305.0,,1.0,1.0
OpenRouter,openai/gpt-5.1-chat,1763060302.0,,1.0,1.0
OpenRouter,openai/gpt-5.1-codex,1763060298.0,,1.0,1.0
OpenRouter,openai/gpt-5.1-codex-mini,1763057820.0,,1.0,1.0
OpenRouter,kwaipilot/kat-coder-pro:free,1762745912.0,,1.0,1.0
OpenRouter,kwaipilot/kat-coder-pro,1762745912.0,,1.0,1.0
OpenRouter,moonshotai/kimi-k2-thinking,1762440622.0,,1.0,1.0
OpenRouter,amazon/nova-premier-v1,1761950332.0,,1.0,1.0
OpenRouter,perplexity/sonar-pro-search,1761854366.0,,1.0,1.0
OpenRouter,mistralai/voxtral-small-24b-2507,1761835144.0,,1.0,1.0
OpenRouter,openai/gpt-oss-safeguard-20b,1761752836.0,,1.0,1.0
OpenRouter,nvidia/nemotron-nano-12b-v2-vl:free,1761675565.0,,1.0,1.0
OpenRouter,nvidia/nemotron-nano-12b-v2-vl,1761675565.0,,1.0,1.0
OpenRouter,minimax/minimax-m2,1761252093.0,,1.0,1.0
OpenRouter,qwen/qwen3-vl-32b-instruct,1761231332.0,,1.0,1.0
OpenRouter,liquid/lfm2-8b-a1b,1760970984.0,,1.0,1.0
OpenRouter,liquid/lfm-2.2-6b,1760970889.0,,1.0,1.0
OpenRouter,ibm-granite/granite-4.0-h-micro,1760927695.0,,1.0,1.0
OpenRouter,deepcogito/cogito-v2-preview-llama-405b,1760709933.0,,1.0,1.0
OpenRouter,openai/gpt-5-image-mini,1760624583.0,,1.0,1.0
OpenRouter,anthropic/claude-haiku-4.5,1760547638.0,,1.0,1.0
OpenRouter,qwen/qwen3-vl-8b-thinking,1760463746.0,,1.0,1.0
OpenRouter,qwen/qwen3-vl-8b-instruct,1760463308.0,,1.0,1.0
OpenRouter,openai/gpt-5-image,1760447986.0,,1.0,1.0
OpenRouter,openai/o3-deep-research,1760129661.0,,1.0,1.0
OpenRouter,openai/o4-mini-deep-research,1760129642.0,,1.0,1.0
OpenRouter,nvidia/llama-3.3-nemotron-super-49b-v1.5,1760101395.0,,1.0,1.0
OpenRouter,baidu/ernie-4.5-21b-a3b-thinking,1760048887.0,,1.0,1.0
OpenRouter,google/gemini-2.5-flash-image,1759870431.0,,1.0,1.0
OpenRouter,qwen/qwen3-vl-30b-a3b-thinking,1759794479.0,,1.0,1.0
OpenRouter,qwen/qwen3-vl-30b-a3b-instruct,1759794476.0,,1.0,1.0
OpenRouter,openai/gpt-5-pro,1759776663.0,,1.0,1.0
OpenRouter,z-ai/glm-4.6,1759235576.0,,1.0,1.0
OpenRouter,z-ai/glm-4.6:exacto,1759235576.0,,1.0,1.0
OpenRouter,anthropic/claude-sonnet-4.5,1759161676.0,,1.0,1.0
OpenRouter,deepseek/deepseek-v3.2-exp,1759150481.0,,1.0,1.0
OpenRouter,thedrummer/cydonia-24b-v4.1,1758931878.0,,1.0,1.0
OpenRouter,relace/relace-apply-3,1758891572.0,,1.0,1.0
OpenRouter,google/gemini-2.5-flash-preview-09-2025,1758820178.0,,1.0,1.0
OpenRouter,google/gemini-2.5-flash-lite-preview-09-2025,1758819686.0,,1.0,1.0
OpenRouter,qwen/qwen3-vl-235b-a22b-thinking,1758668690.0,,1.0,1.0
OpenRouter,qwen/qwen3-vl-235b-a22b-instruct,1758668687.0,,1.0,1.0
OpenRouter,qwen/qwen3-max,1758662808.0,,1.0,1.0
OpenRouter,qwen/qwen3-coder-plus,1758662707.0,,1.0,1.0
OpenRouter,openai/gpt-5-codex,1758643403.0,,1.0,1.0
OpenRouter,deepseek/deepseek-v3.1-terminus:exacto,1758548275.0,,1.0,1.0
OpenRouter,deepseek/deepseek-v3.1-terminus,1758548275.0,,1.0,1.0
OpenRouter,x-ai/grok-4-fast,1758240090.0,,1.0,1.0
OpenRouter,alibaba/tongyi-deepresearch-30b-a3b,1758210804.0,,1.0,1.0
OpenRouter,qwen/qwen3-coder-flash,1758115536.0,,1.0,1.0
OpenRouter,opengvlab/internvl3-78b,1757962555.0,,1.0,1.0
OpenRouter,qwen/qwen3-next-80b-a3b-thinking,1757612284.0,,1.0,1.0
OpenRouter,qwen/qwen3-next-80b-a3b-instruct,1757612213.0,,1.0,1.0
OpenRouter,meituan/longcat-flash-chat,1757427658.0,,1.0,1.0
OpenRouter,qwen/qwen-plus-2025-07-28,1757347599.0,,1.0,1.0
OpenRouter,qwen/qwen-plus-2025-07-28:thinking,1757347599.0,,1.0,1.0
OpenRouter,nvidia/nemotron-nano-9b-v2:free,1757106807.0,,1.0,1.0
OpenRouter,nvidia/nemotron-nano-9b-v2,1757106807.0,,1.0,1.0
OpenRouter,moonshotai/kimi-k2-0905,1757021147.0,,1.0,1.0
OpenRouter,moonshotai/kimi-k2-0905:exacto,1757021147.0,,1.0,1.0
OpenRouter,deepcogito/cogito-v2-preview-llama-70b,1756831784.0,,1.0,1.0
OpenRouter,deepcogito/cogito-v2-preview-llama-109b-moe,1756831568.0,,1.0,1.0
OpenRouter,stepfun-ai/step3,1756415375.0,,1.0,1.0
OpenRouter,qwen/qwen3-30b-a3b-thinking-2507,1756399192.0,,1.0,1.0
OpenRouter,x-ai/grok-code-fast-1,1756238927.0,,1.0,1.0
OpenRouter,nousresearch/hermes-4-70b,1756236182.0,,1.0,1.0
OpenRouter,nousresearch/hermes-4-405b,1756235463.0,,1.0,1.0
OpenRouter,google/gemini-2.5-flash-image-preview,1756218977.0,,1.0,1.0
OpenRouter,deepseek/deepseek-chat-v3.1,1755779628.0,,0.14,0.28
OpenRouter,openai/gpt-4o-audio-preview,1755233061.0,,2.5,10.0
OpenRouter,mistralai/mistral-medium-3.1,1755095639.0,,1.0,1.0
OpenRouter,baidu/ernie-4.5-21b-a3b,1755034167.0,,1.0,1.0
OpenRouter,baidu/ernie-4.5-vl-28b-a3b,1755032836.0,,1.0,1.0
OpenRouter,z-ai/glm-4.5v,1754922288.0,,1.0,1.0
OpenRouter,ai21/jamba-mini-1.7,1754670601.0,,1.0,1.0
OpenRouter,ai21/jamba-large-1.7,1754669020.0,,1.0,1.0
OpenRouter,openai/gpt-5-chat,1754587837.0,,1.0,1.0
OpenRouter,openai/gpt-5,1754587413.0,,1.0,1.0
OpenRouter,openai/gpt-5-mini,1754587407.0,,1.0,1.0
OpenRouter,openai/gpt-5-nano,1754587402.0,,1.0,1.0
OpenRouter,openai/gpt-oss-120b:free,1754414231.0,,1.0,1.0
OpenRouter,openai/gpt-oss-120b,1754414231.0,,1.0,1.0
OpenRouter,openai/gpt-oss-120b:exacto,1754414231.0,,1.0,1.0
OpenRouter,openai/gpt-oss-20b:free,1754414229.0,,1.0,1.0
OpenRouter,openai/gpt-oss-20b,1754414229.0,,1.0,1.0
OpenRouter,anthropic/claude-opus-4.1,1754411591.0,,1.0,1.0
OpenRouter,mistralai/codestral-2508,1754079630.0,,1.0,1.0
OpenRouter,qwen/qwen3-coder-30b-a3b-instruct,1753972379.0,,1.0,1.0
OpenRouter,qwen/qwen3-30b-a3b-instruct-2507,1753806965.0,,1.0,1.0
OpenRouter,z-ai/glm-4.5,1753471347.0,,1.0,1.0
OpenRouter,z-ai/glm-4.5-air:free,1753471258.0,,1.0,1.0
OpenRouter,z-ai/glm-4.5-air,1753471258.0,,1.0,1.0
OpenRouter,qwen/qwen3-235b-a22b-thinking-2507,1753449557.0,,1.0,1.0
OpenRouter,z-ai/glm-4-32b,1753376617.0,,1.0,1.0
OpenRouter,qwen/qwen3-coder:free,1753230546.0,,1.0,1.0
OpenRouter,qwen/qwen3-coder,1753230546.0,,1.0,1.0
OpenRouter,qwen/qwen3-coder:exacto,1753230546.0,,1.0,1.0
OpenRouter,bytedance/ui-tars-1.5-7b,1753205056.0,,1.0,1.0
OpenRouter,google/gemini-2.5-flash-lite,1753200276.0,,1.0,1.0
OpenRouter,qwen/qwen3-235b-a22b-2507,1753119555.0,,1.0,1.0
OpenRouter,switchpoint/router,1752272899.0,,1.0,1.0
OpenRouter,moonshotai/kimi-k2:free,1752263252.0,,1.0,1.0
OpenRouter,moonshotai/kimi-k2,1752263252.0,,1.0,1.0
OpenRouter,thudm/glm-4.1v-9b-thinking,1752244385.0,,1.0,1.0
OpenRouter,mistralai/devstral-medium,1752161321.0,,1.0,1.0
OpenRouter,mistralai/devstral-small,1752160751.0,,1.0,1.0
OpenRouter,cognitivecomputations/dolphin-mistral-24b-venice-edition:free,1752094966.0,,1.0,1.0
OpenRouter,x-ai/grok-4,1752087689.0,,1.0,1.0
OpenRouter,google/gemma-3n-e2b-it:free,1752074904.0,,1.0,1.0
OpenRouter,tencent/hunyuan-a13b-instruct,1751987664.0,,1.0,1.0
OpenRouter,tngtech/deepseek-r1t2-chimera:free,1751986985.0,,1.0,1.0
OpenRouter,tngtech/deepseek-r1t2-chimera,1751986985.0,,1.0,1.0
OpenRouter,morph/morph-v3-large,1751910858.0,,1.0,1.0
OpenRouter,morph/morph-v3-fast,1751910002.0,,1.0,1.0
OpenRouter,baidu/ernie-4.5-vl-424b-a47b,1751300903.0,,1.0,1.0
OpenRouter,baidu/ernie-4.5-300b-a47b,1751300139.0,,1.0,1.0
OpenRouter,inception/mercury,1750973026.0,,1.0,1.0
OpenRouter,mistralai/mistral-small-3.2-24b-instruct,1750443016.0,,1.0,1.0
OpenRouter,minimax/minimax-m1,1750200414.0,,1.0,1.0
OpenRouter,google/gemini-2.5-flash,1750172488.0,,1.0,1.0
OpenRouter,google/gemini-2.5-pro,1750169544.0,,1.0,1.0
OpenRouter,moonshotai/kimi-dev-72b,1750115909.0,,1.0,1.0
OpenRouter,openai/o3-pro,1749598352.0,,1.0,1.0
OpenRouter,x-ai/grok-3-mini,1749583245.0,,1.0,1.0
OpenRouter,x-ai/grok-3,1749582908.0,,1.0,1.0
OpenRouter,google/gemini-2.5-pro-preview,1749137257.0,,1.0,1.0
OpenRouter,deepseek/deepseek-r1-0528-qwen3-8b,1748538543.0,,1.0,1.0
OpenRouter,deepseek/deepseek-r1-0528:free,1748455170.0,,1.0,1.0
OpenRouter,deepseek/deepseek-r1-0528,1748455170.0,,1.0,1.0
OpenRouter,anthropic/claude-opus-4,1747931245.0,,1.0,1.0
OpenRouter,anthropic/claude-sonnet-4,1747930371.0,,1.0,1.0
OpenRouter,mistralai/devstral-small-2505,1747837379.0,,1.0,1.0
OpenRouter,google/gemma-3n-e4b-it:free,1747776824.0,,1.0,1.0
OpenRouter,google/gemma-3n-e4b-it,1747776824.0,,1.0,1.0
OpenRouter,openai/codex-mini,1747409761.0,,1.0,1.0
OpenRouter,nousresearch/deephermes-3-mistral-24b-preview,1746830904.0,,1.0,1.0
OpenRouter,mistralai/mistral-medium-3,1746627341.0,,1.0,1.0
OpenRouter,google/gemini-2.5-pro-preview-05-06,1746578513.0,,1.0,1.0
OpenRouter,arcee-ai/spotlight,1746481552.0,,1.0,1.0
OpenRouter,arcee-ai/maestro-reasoning,1746481269.0,,1.0,1.0
OpenRouter,arcee-ai/virtuoso-large,1746478885.0,,1.0,1.0
OpenRouter,arcee-ai/coder-large,1746478663.0,,1.0,1.0
OpenRouter,microsoft/phi-4-reasoning-plus,1746130961.0,,1.0,1.0
OpenRouter,inception/mercury-coder,1746033880.0,,1.0,1.0
OpenRouter,qwen/qwen3-4b:free,1746031104.0,,1.0,1.0
OpenRouter,deepseek/deepseek-prover-v2,1746013094.0,,1.0,1.0
OpenRouter,meta-llama/llama-guard-4-12b,1745975193.0,,1.0,1.0
OpenRouter,qwen/qwen3-30b-a3b,1745878604.0,,1.0,1.0
OpenRouter,qwen/qwen3-8b,1745876632.0,,1.0,1.0
OpenRouter,qwen/qwen3-14b,1745876478.0,,1.0,1.0
OpenRouter,qwen/qwen3-32b,1745875945.0,,1.0,1.0
OpenRouter,qwen/qwen3-235b-a22b,1745875757.0,,1.0,1.0
OpenRouter,tngtech/deepseek-r1t-chimera:free,1745760875.0,,1.0,1.0
OpenRouter,tngtech/deepseek-r1t-chimera,1745760875.0,,1.0,1.0
OpenRouter,openai/o4-mini-high,1744824212.0,,1.0,1.0
OpenRouter,openai/o3,1744823457.0,,1.0,1.0
OpenRouter,openai/o4-mini,1744820942.0,,1.0,1.0
OpenRouter,qwen/qwen2.5-coder-7b-instruct,1744734887.0,,1.0,1.0
OpenRouter,openai/gpt-4.1,1744651385.0,,1.0,1.0
OpenRouter,openai/gpt-4.1-mini,1744651381.0,,1.0,1.0
OpenRouter,openai/gpt-4.1-nano,1744651369.0,,1.0,1.0
OpenRouter,eleutherai/llemma_7b,1744643225.0,,1.0,1.0
OpenRouter,alfredpros/codellama-7b-instruct-solidity,1744641874.0,,1.0,1.0
OpenRouter,x-ai/grok-3-mini-beta,1744240195.0,,1.0,1.0
OpenRouter,x-ai/grok-3-beta,1744240068.0,,1.0,1.0
OpenRouter,nvidia/llama-3.1-nemotron-ultra-253b-v1,1744115059.0,,1.0,1.0
OpenRouter,meta-llama/llama-4-maverick,1743881822.0,,1.0,1.0
OpenRouter,meta-llama/llama-4-scout,1743881519.0,,1.0,1.0
OpenRouter,qwen/qwen2.5-vl-32b-instruct,1742839838.0,,1.0,1.0
OpenRouter,deepseek/deepseek-chat-v3-0324,1742824755.0,,0.14,0.28
OpenRouter,openai/o1-pro,1742423211.0,,1.0,1.0
OpenRouter,mistralai/mistral-small-3.1-24b-instruct:free,1742238937.0,,1.0,1.0
OpenRouter,mistralai/mistral-small-3.1-24b-instruct,1742238937.0,,1.0,1.0
OpenRouter,allenai/olmo-2-0325-32b-instruct,1741988556.0,,1.0,1.0
OpenRouter,google/gemma-3-4b-it:free,1741905510.0,,1.0,1.0
OpenRouter,google/gemma-3-4b-it,1741905510.0,,1.0,1.0
OpenRouter,google/gemma-3-12b-it:free,1741902625.0,,1.0,1.0
OpenRouter,google/gemma-3-12b-it,1741902625.0,,1.0,1.0
OpenRouter,cohere/command-a,1741894342.0,,1.0,1.0
OpenRouter,openai/gpt-4o-mini-search-preview,1741818122.0,,2.5,10.0
OpenRouter,openai/gpt-4o-search-preview,1741817949.0,,2.5,10.0
OpenRouter,google/gemma-3-27b-it:free,1741756359.0,,1.0,1.0
OpenRouter,google/gemma-3-27b-it,1741756359.0,,1.0,1.0
OpenRouter,thedrummer/skyfall-36b-v2,1741636566.0,,1.0,1.0
OpenRouter,microsoft/phi-4-multimodal-instruct,1741396284.0,,1.0,1.0
OpenRouter,perplexity/sonar-reasoning-pro,1741313308.0,,1.0,1.0
OpenRouter,perplexity/sonar-pro,1741312423.0,,1.0,1.0
OpenRouter,perplexity/sonar-deep-research,1741311246.0,,1.0,1.0
OpenRouter,qwen/qwq-32b,1741208814.0,,1.0,1.0
OpenRouter,google/gemini-2.0-flash-lite-001,1740506212.0,,1.0,1.0
OpenRouter,anthropic/claude-3.7-sonnet:thinking,1740422110.0,,1.0,1.0
OpenRouter,anthropic/claude-3.7-sonnet,1740422110.0,,1.0,1.0
OpenRouter,mistralai/mistral-saba,1739803239.0,,1.0,1.0
OpenRouter,meta-llama/llama-guard-3-8b,1739401318.0,,1.0,1.0
OpenRouter,openai/o3-mini-high,1739372611.0,,1.0,1.0
OpenRouter,google/gemini-2.0-flash-001,1738769413.0,,1.0,1.0
OpenRouter,qwen/qwen-vl-plus,1738731255.0,,1.0,1.0
OpenRouter,aion-labs/aion-1.0,1738697557.0,,1.0,1.0
OpenRouter,aion-labs/aion-1.0-mini,1738697107.0,,1.0,1.0
OpenRouter,aion-labs/aion-rp-llama-3.1-8b,1738696718.0,,1.0,1.0
OpenRouter,qwen/qwen-vl-max,1738434304.0,,1.0,1.0
OpenRouter,qwen/qwen-turbo,1738410974.0,,1.0,1.0
OpenRouter,qwen/qwen2.5-vl-72b-instruct,1738410311.0,,1.0,1.0
OpenRouter,qwen/qwen-plus,1738409840.0,,1.0,1.0
OpenRouter,qwen/qwen-max,1738402289.0,,1.0,1.0
OpenRouter,openai/o3-mini,1738351721.0,,1.0,1.0
OpenRouter,mistralai/mistral-small-24b-instruct-2501,1738255409.0,,1.0,1.0
OpenRouter,deepseek/deepseek-r1-distill-qwen-32b,1738194830.0,,1.0,1.0
OpenRouter,deepseek/deepseek-r1-distill-qwen-14b,1738193940.0,,1.0,1.0
OpenRouter,perplexity/sonar-reasoning,1738131107.0,,1.0,1.0
OpenRouter,perplexity/sonar,1738013808.0,,1.0,1.0
OpenRouter,deepseek/deepseek-r1-distill-llama-70b,1737663169.0,,1.0,1.0
OpenRouter,deepseek/deepseek-r1,1737381095.0,,1.0,1.0
OpenRouter,minimax/minimax-01,1736915462.0,,1.0,1.0
OpenRouter,microsoft/phi-4,1736489872.0,,1.0,1.0
OpenRouter,sao10k/l3.1-70b-hanami-x1,1736302854.0,,1.0,1.0
OpenRouter,deepseek/deepseek-chat,1735241320.0,,0.14,0.28
OpenRouter,sao10k/l3.3-euryale-70b,1734535928.0,,1.0,1.0
OpenRouter,openai/o1,1734459999.0,,1.0,1.0
OpenRouter,cohere/command-r7b-12-2024,1734158152.0,,1.0,1.0
OpenRouter,google/gemini-2.0-flash-exp:free,1733937523.0,,1.0,1.0
OpenRouter,meta-llama/llama-3.3-70b-instruct:free,1733506137.0,,1.0,1.0
OpenRouter,meta-llama/llama-3.3-70b-instruct,1733506137.0,,1.0,1.0
OpenRouter,amazon/nova-lite-v1,1733437363.0,,1.0,1.0
OpenRouter,amazon/nova-micro-v1,1733437237.0,,1.0,1.0
OpenRouter,amazon/nova-pro-v1,1733436303.0,,1.0,1.0
OpenRouter,openai/gpt-4o-2024-11-20,1732127594.0,,2.5,10.0
OpenRouter,mistralai/mistral-large-2411,1731978685.0,,1.0,1.0
OpenRouter,mistralai/mistral-large-2407,1731978415.0,,1.0,1.0
OpenRouter,mistralai/pixtral-large-2411,1731977388.0,,1.0,1.0
OpenRouter,qwen/qwen-2.5-coder-32b-instruct,1731368400.0,,1.0,1.0
OpenRouter,raifle/sorcererlm-8x22b,1731105083.0,,1.0,1.0
OpenRouter,thedrummer/unslopnemo-12b,1731103448.0,,1.0,1.0
OpenRouter,anthropic/claude-3.5-haiku-20241022,1730678400.0,,1.0,1.0
OpenRouter,anthropic/claude-3.5-haiku,1730678400.0,,1.0,1.0
OpenRouter,anthropic/claude-3.5-sonnet,1729555200.0,,1.0,1.0
OpenRouter,anthracite-org/magnum-v4-72b,1729555200.0,,1.0,1.0
OpenRouter,mistralai/ministral-8b,1729123200.0,,1.0,1.0
OpenRouter,mistralai/ministral-3b,1729123200.0,,1.0,1.0
OpenRouter,qwen/qwen-2.5-7b-instruct,1729036800.0,,1.0,1.0
OpenRouter,nvidia/llama-3.1-nemotron-70b-instruct,1728950400.0,,1.0,1.0
OpenRouter,inflection/inflection-3-productivity,1728604800.0,,1.0,1.0
OpenRouter,inflection/inflection-3-pi,1728604800.0,,1.0,1.0
OpenRouter,thedrummer/rocinante-12b,1727654400.0,,1.0,1.0
OpenRouter,meta-llama/llama-3.2-90b-vision-instruct,1727222400.0,,1.0,1.0
OpenRouter,meta-llama/llama-3.2-11b-vision-instruct,1727222400.0,,1.0,1.0
OpenRouter,meta-llama/llama-3.2-1b-instruct,1727222400.0,,1.0,1.0
OpenRouter,meta-llama/llama-3.2-3b-instruct:free,1727222400.0,,1.0,1.0
OpenRouter,meta-llama/llama-3.2-3b-instruct,1727222400.0,,1.0,1.0
OpenRouter,qwen/qwen-2.5-72b-instruct,1726704000.0,,1.0,1.0
OpenRouter,neversleep/llama-3.1-lumimaid-8b,1726358400.0,,1.0,1.0
OpenRouter,mistralai/pixtral-12b,1725926400.0,,1.0,1.0
OpenRouter,cohere/command-r-08-2024,1724976000.0,,1.0,1.0
OpenRouter,cohere/command-r-plus-08-2024,1724976000.0,,1.0,1.0
OpenRouter,qwen/qwen-2.5-vl-7b-instruct:free,1724803200.0,,1.0,1.0
OpenRouter,qwen/qwen-2.5-vl-7b-instruct,1724803200.0,,1.0,1.0
OpenRouter,sao10k/l3.1-euryale-70b,1724803200.0,,1.0,1.0
OpenRouter,microsoft/phi-3.5-mini-128k-instruct,1724198400.0,,1.0,1.0
OpenRouter,nousresearch/hermes-3-llama-3.1-70b,1723939200.0,,1.0,1.0
OpenRouter,nousresearch/hermes-3-llama-3.1-405b:free,1723766400.0,,1.0,1.0
OpenRouter,nousresearch/hermes-3-llama-3.1-405b,1723766400.0,,1.0,1.0
OpenRouter,openai/chatgpt-4o-latest,1723593600.0,,2.5,10.0
OpenRouter,sao10k/l3-lunaris-8b,1723507200.0,,1.0,1.0
OpenRouter,openai/gpt-4o-2024-08-06,1722902400.0,,2.5,10.0
OpenRouter,meta-llama/llama-3.1-405b,1722556800.0,,1.0,1.0
OpenRouter,meta-llama/llama-3.1-405b-instruct:free,1721692800.0,,1.0,1.0
OpenRouter,meta-llama/llama-3.1-405b-instruct,1721692800.0,,1.0,1.0
OpenRouter,meta-llama/llama-3.1-8b-instruct,1721692800.0,,1.0,1.0
OpenRouter,meta-llama/llama-3.1-70b-instruct,1721692800.0,,1.0,1.0
OpenRouter,mistralai/mistral-nemo,1721347200.0,,1.0,1.0
OpenRouter,openai/gpt-4o-mini,1721260800.0,,2.5,10.0
OpenRouter,openai/gpt-4o-mini-2024-07-18,1721260800.0,,2.5,10.0
OpenRouter,google/gemma-2-27b-it,1720828800.0,,1.0,1.0
OpenRouter,google/gemma-2-9b-it,1719532800.0,,1.0,1.0
OpenRouter,sao10k/l3-euryale-70b,1718668800.0,,1.0,1.0
OpenRouter,mistralai/mistral-7b-instruct:free,1716768000.0,,1.0,1.0
OpenRouter,mistralai/mistral-7b-instruct,1716768000.0,,1.0,1.0
OpenRouter,mistralai/mistral-7b-instruct-v0.3,1716768000.0,,1.0,1.0
OpenRouter,nousresearch/hermes-2-pro-llama-3-8b,1716768000.0,,1.0,1.0
OpenRouter,microsoft/phi-3-mini-128k-instruct,1716681600.0,,1.0,1.0
OpenRouter,microsoft/phi-3-medium-128k-instruct,1716508800.0,,1.0,1.0
OpenRouter,openai/gpt-4o-2024-05-13,1715558400.0,,2.5,10.0
OpenRouter,openai/gpt-4o,1715558400.0,,2.5,10.0
OpenRouter,openai/gpt-4o:extended,1715558400.0,,2.5,10.0
OpenRouter,meta-llama/llama-guard-2-8b,1715558400.0,,1.0,1.0
OpenRouter,meta-llama/llama-3-70b-instruct,1713398400.0,,1.0,1.0
OpenRouter,meta-llama/llama-3-8b-instruct,1713398400.0,,1.0,1.0
OpenRouter,mistralai/mixtral-8x22b-instruct,1713312000.0,,1.0,1.0
OpenRouter,microsoft/wizardlm-2-8x22b,1713225600.0,,1.0,1.0
OpenRouter,openai/gpt-4-turbo,1712620800.0,,1.0,1.0
OpenRouter,anthropic/claude-3-haiku,1710288000.0,,1.0,1.0
OpenRouter,anthropic/claude-3-opus,1709596800.0,,1.0,1.0
OpenRouter,mistralai/mistral-large,1708905600.0,,1.0,1.0
OpenRouter,openai/gpt-3.5-turbo-0613,1706140800.0,,0.5,1.5
OpenRouter,openai/gpt-4-turbo-preview,1706140800.0,,1.0,1.0
OpenRouter,mistralai/mistral-tiny,1704844800.0,,1.0,1.0
OpenRouter,mistralai/mistral-7b-instruct-v0.2,1703721600.0,,1.0,1.0
OpenRouter,mistralai/mixtral-8x7b-instruct,1702166400.0,,1.0,1.0
OpenRouter,neversleep/noromaid-20b,1700956800.0,,1.0,1.0
OpenRouter,alpindale/goliath-120b,1699574400.0,,1.0,1.0
OpenRouter,openrouter/auto,1699401600.0,,1.0,1.0
OpenRouter,openai/gpt-4-1106-preview,1699228800.0,,1.0,1.0
OpenRouter,mistralai/mistral-7b-instruct-v0.1,1695859200.0,,1.0,1.0
OpenRouter,openai/gpt-3.5-turbo-instruct,1695859200.0,,0.5,1.5
OpenRouter,openai/gpt-3.5-turbo-16k,1693180800.0,,0.5,1.5
OpenRouter,mancer/weaver,1690934400.0,,1.0,1.0
OpenRouter,undi95/remm-slerp-l2-13b,1689984000.0,,1.0,1.0
OpenRouter,gryphe/mythomax-l2-13b,1688256000.0,,1.0,1.0
OpenRouter,openai/gpt-4-0314,1685232000.0,,1.0,1.0
OpenRouter,openai/gpt-4,1685232000.0,,1.0,1.0
OpenRouter,openai/gpt-3.5-turbo,1685232000.0,,0.5,1.5
GitHub Models,azureml://registries/azureml-ai21/models/AI21-Jamba-Instruct/versions/2,,,1.0,1.0
GitHub Models,azureml://registries/azureml-cohere/models/Cohere-embed-v3-english/versions/3,,,1.0,1.0
GitHub Models,azureml://registries/azureml-cohere/models/Cohere-embed-v3-multilingual/versions/3,,,1.0,1.0
GitHub Models,azureml://registries/azureml-meta/models/Meta-Llama-3-70B-Instruct/versions/6,,,1.0,1.0
GitHub Models,azureml://registries/azureml-meta/models/Meta-Llama-3-8B-Instruct/versions/6,,,1.0,1.0
GitHub Models,azureml://registries/azureml-meta/models/Meta-Llama-3.1-405B-Instruct/versions/1,,,1.0,1.0
GitHub Models,azureml://registries/azureml-meta/models/Meta-Llama-3.1-70B-Instruct/versions/1,,,1.0,1.0
GitHub Models,azureml://registries/azureml-meta/models/Meta-Llama-3.1-8B-Instruct/versions/1,,,1.0,1.0
GitHub Models,azureml://registries/azureml-mistral/models/Mistral-large-2407/versions/1,,,1.0,1.0
GitHub Models,azureml://registries/azureml-mistral/models/Mistral-Nemo/versions/1,,,1.0,1.0
GitHub Models,azureml://registries/azure-openai/models/gpt-4o/versions/2,,,2.5,10.0
GitHub Models,azureml://registries/azure-openai/models/gpt-4o-mini/versions/1,,,2.5,10.0
GitHub Models,azureml://registries/azure-openai/models/text-embedding-3-large/versions/1,,,1.0,1.0
GitHub Models,azureml://registries/azure-openai/models/text-embedding-3-small/versions/1,,,1.0,1.0
NVIDIA NIM,01-ai/yi-large,735790403.0,01-ai,1.0,1.0
NVIDIA NIM,abacusai/dracarys-llama-3.1-70b-instruct,735790403.0,abacusai,1.0,1.0
NVIDIA NIM,adept/fuyu-8b,735790403.0,adept,1.0,1.0
NVIDIA NIM,ai21labs/jamba-1.5-large-instruct,735790403.0,ai21labs,1.0,1.0
NVIDIA NIM,ai21labs/jamba-1.5-mini-instruct,735790403.0,ai21labs,1.0,1.0
NVIDIA NIM,aisingapore/sea-lion-7b-instruct,735790403.0,aisingapore,1.0,1.0
NVIDIA NIM,baai/bge-m3,735790403.0,baai,1.0,1.0
NVIDIA NIM,baichuan-inc/baichuan2-13b-chat,735790403.0,baichuan-inc,1.0,1.0
NVIDIA NIM,bigcode/starcoder2-15b,735790403.0,bigcode,1.0,1.0
NVIDIA NIM,bigcode/starcoder2-7b,735790403.0,bigcode,1.0,1.0
NVIDIA NIM,bytedance/seed-oss-36b-instruct,735790403.0,bytedance,1.0,1.0
NVIDIA NIM,databricks/dbrx-instruct,735790403.0,databricks,1.0,1.0
NVIDIA NIM,deepseek-ai/deepseek-coder-6.7b-instruct,735790403.0,deepseek-ai,0.14,0.28
NVIDIA NIM,deepseek-ai/deepseek-r1,735790403.0,deepseek-ai,1.0,1.0
NVIDIA NIM,deepseek-ai/deepseek-r1-0528,735790403.0,deepseek-ai,1.0,1.0
NVIDIA NIM,deepseek-ai/deepseek-r1-distill-llama-8b,735790403.0,deepseek-ai,1.0,1.0
NVIDIA NIM,deepseek-ai/deepseek-r1-distill-qwen-14b,735790403.0,deepseek-ai,1.0,1.0
NVIDIA NIM,deepseek-ai/deepseek-r1-distill-qwen-32b,735790403.0,deepseek-ai,1.0,1.0
NVIDIA NIM,deepseek-ai/deepseek-r1-distill-qwen-7b,735790403.0,deepseek-ai,1.0,1.0
NVIDIA NIM,deepseek-ai/deepseek-v3.1,735790403.0,deepseek-ai,1.0,1.0
NVIDIA NIM,deepseek-ai/deepseek-v3.1-terminus,735790403.0,deepseek-ai,1.0,1.0
NVIDIA NIM,deepseek-ai/deepseek-v3.2,735790403.0,deepseek-ai,1.0,1.0
NVIDIA NIM,google/codegemma-1.1-7b,735790403.0,google,1.0,1.0
NVIDIA NIM,google/codegemma-7b,735790403.0,google,1.0,1.0
NVIDIA NIM,google/deplot,735790403.0,google,1.0,1.0
NVIDIA NIM,google/gemma-2-27b-it,735790403.0,google,1.0,1.0
NVIDIA NIM,google/gemma-2-2b-it,735790403.0,google,1.0,1.0
NVIDIA NIM,google/gemma-2-9b-it,735790403.0,google,1.0,1.0
NVIDIA NIM,google/gemma-2b,735790403.0,google,1.0,1.0
NVIDIA NIM,google/gemma-3-12b-it,735790403.0,google,1.0,1.0
NVIDIA NIM,google/gemma-3-1b-it,735790403.0,google,1.0,1.0
NVIDIA NIM,google/gemma-3-27b-it,735790403.0,google,1.0,1.0
NVIDIA NIM,google/gemma-3-4b-it,735790403.0,google,1.0,1.0
NVIDIA NIM,google/gemma-3n-e2b-it,735790403.0,google,1.0,1.0
NVIDIA NIM,google/gemma-3n-e4b-it,735790403.0,google,1.0,1.0
NVIDIA NIM,google/gemma-7b,735790403.0,google,1.0,1.0
NVIDIA NIM,google/paligemma,735790403.0,google,1.0,1.0
NVIDIA NIM,google/recurrentgemma-2b,735790403.0,google,1.0,1.0
NVIDIA NIM,google/shieldgemma-9b,735790403.0,google,1.0,1.0
NVIDIA NIM,gotocompany/gemma-2-9b-cpt-sahabatai-instruct,735790403.0,gotocompany,1.0,1.0
NVIDIA NIM,ibm/granite-3.0-3b-a800m-instruct,735790403.0,ibm,1.0,1.0
NVIDIA NIM,ibm/granite-3.0-8b-instruct,735790403.0,ibm,1.0,1.0
NVIDIA NIM,ibm/granite-3.3-8b-instruct,735790403.0,ibm,1.0,1.0
NVIDIA NIM,ibm/granite-34b-code-instruct,735790403.0,ibm,1.0,1.0
NVIDIA NIM,ibm/granite-8b-code-instruct,735790403.0,ibm,1.0,1.0
NVIDIA NIM,ibm/granite-guardian-3.0-8b,735790403.0,ibm,1.0,1.0
NVIDIA NIM,igenius/colosseum_355b_instruct_16k,735790403.0,igenius,1.0,1.0
NVIDIA NIM,igenius/italia_10b_instruct_16k,735790403.0,igenius,1.0,1.0
NVIDIA NIM,institute-of-science-tokyo/llama-3.1-swallow-70b-instruct-v0.1,735790403.0,institute-of-science-tokyo,1.0,1.0
NVIDIA NIM,institute-of-science-tokyo/llama-3.1-swallow-8b-instruct-v0.1,735790403.0,institute-of-science-tokyo,1.0,1.0
NVIDIA NIM,marin/marin-8b-instruct,735790403.0,marin,1.0,1.0
NVIDIA NIM,mediatek/breeze-7b-instruct,735790403.0,mediatek,1.0,1.0
NVIDIA NIM,meta/codellama-70b,735790403.0,meta,1.0,1.0
NVIDIA NIM,meta/llama-3.1-405b-instruct,735790403.0,meta,1.0,1.0
NVIDIA NIM,meta/llama-3.1-70b-instruct,735790403.0,meta,1.0,1.0
NVIDIA NIM,meta/llama-3.1-8b-instruct,735790403.0,meta,1.0,1.0
NVIDIA NIM,meta/llama-3.2-11b-vision-instruct,735790403.0,meta,1.0,1.0
NVIDIA NIM,meta/llama-3.2-1b-instruct,735790403.0,meta,1.0,1.0
NVIDIA NIM,meta/llama-3.2-3b-instruct,735790403.0,meta,1.0,1.0
NVIDIA NIM,meta/llama-3.2-90b-vision-instruct,735790403.0,meta,1.0,1.0
NVIDIA NIM,meta/llama-3.3-70b-instruct,735790403.0,meta,1.0,1.0
NVIDIA NIM,meta/llama-4-maverick-17b-128e-instruct,735790403.0,meta,1.0,1.0
NVIDIA NIM,meta/llama-4-scout-17b-16e-instruct,735790403.0,meta,1.0,1.0
NVIDIA NIM,meta/llama-guard-4-12b,735790403.0,meta,1.0,1.0
NVIDIA NIM,meta/llama2-70b,735790403.0,meta,1.0,1.0
NVIDIA NIM,meta/llama3-70b-instruct,735790403.0,meta,1.0,1.0
NVIDIA NIM,meta/llama3-8b-instruct,735790403.0,meta,1.0,1.0
NVIDIA NIM,microsoft/kosmos-2,735790403.0,microsoft,1.0,1.0
NVIDIA NIM,microsoft/phi-3-medium-128k-instruct,735790403.0,microsoft,1.0,1.0
NVIDIA NIM,microsoft/phi-3-medium-4k-instruct,735790403.0,microsoft,1.0,1.0
NVIDIA NIM,microsoft/phi-3-mini-128k-instruct,735790403.0,microsoft,1.0,1.0
NVIDIA NIM,microsoft/phi-3-mini-4k-instruct,735790403.0,microsoft,1.0,1.0
NVIDIA NIM,microsoft/phi-3-small-128k-instruct,735790403.0,microsoft,1.0,1.0
NVIDIA NIM,microsoft/phi-3-small-8k-instruct,735790403.0,microsoft,1.0,1.0
NVIDIA NIM,microsoft/phi-3-vision-128k-instruct,735790403.0,microsoft,1.0,1.0
NVIDIA NIM,microsoft/phi-3.5-mini-instruct,735790403.0,microsoft,1.0,1.0
NVIDIA NIM,microsoft/phi-3.5-moe-instruct,735790403.0,microsoft,1.0,1.0
NVIDIA NIM,microsoft/phi-3.5-vision-instruct,735790403.0,microsoft,1.0,1.0
NVIDIA NIM,microsoft/phi-4-mini-flash-reasoning,735790403.0,microsoft,1.0,1.0
NVIDIA NIM,microsoft/phi-4-mini-instruct,735790403.0,microsoft,1.0,1.0
NVIDIA NIM,microsoft/phi-4-multimodal-instruct,735790403.0,microsoft,1.0,1.0
NVIDIA NIM,minimaxai/minimax-m2,735790403.0,minimaxai,1.0,1.0
NVIDIA NIM,minimaxai/minimax-m2.1,735790403.0,minimaxai,1.0,1.0
NVIDIA NIM,mistralai/codestral-22b-instruct-v0.1,735790403.0,mistralai,1.0,1.0
NVIDIA NIM,mistralai/devstral-2-123b-instruct-2512,735790403.0,mistralai,1.0,1.0
NVIDIA NIM,mistralai/magistral-small-2506,735790403.0,mistralai,1.0,1.0
NVIDIA NIM,mistralai/mamba-codestral-7b-v0.1,735790403.0,mistralai,1.0,1.0
NVIDIA NIM,mistralai/mathstral-7b-v0.1,735790403.0,mistralai,1.0,1.0
NVIDIA NIM,mistralai/ministral-14b-instruct-2512,735790403.0,mistralai,1.0,1.0
NVIDIA NIM,mistralai/mistral-7b-instruct-v0.2,735790403.0,mistralai,1.0,1.0
NVIDIA NIM,mistralai/mistral-7b-instruct-v0.3,735790403.0,mistralai,1.0,1.0
NVIDIA NIM,mistralai/mistral-large,735790403.0,mistralai,1.0,1.0
NVIDIA NIM,mistralai/mistral-large-2-instruct,735790403.0,mistralai,1.0,1.0
NVIDIA NIM,mistralai/mistral-large-3-675b-instruct-2512,735790403.0,mistralai,1.0,1.0
NVIDIA NIM,mistralai/mistral-medium-3-instruct,735790403.0,mistralai,1.0,1.0
NVIDIA NIM,mistralai/mistral-nemotron,735790403.0,mistralai,1.0,1.0
NVIDIA NIM,mistralai/mistral-small-24b-instruct,735790403.0,mistralai,1.0,1.0
NVIDIA NIM,mistralai/mistral-small-3.1-24b-instruct-2503,735790403.0,mistralai,1.0,1.0
NVIDIA NIM,mistralai/mixtral-8x22b-instruct-v0.1,735790403.0,mistralai,1.0,1.0
NVIDIA NIM,mistralai/mixtral-8x22b-v0.1,735790403.0,mistralai,1.0,1.0
NVIDIA NIM,mistralai/mixtral-8x7b-instruct-v0.1,735790403.0,mistralai,1.0,1.0
NVIDIA NIM,moonshotai/kimi-k2-instruct,735790403.0,moonshotai,1.0,1.0
NVIDIA NIM,moonshotai/kimi-k2-instruct-0905,735790403.0,moonshotai,1.0,1.0
NVIDIA NIM,moonshotai/kimi-k2-thinking,735790403.0,moonshotai,1.0,1.0
NVIDIA NIM,nv-mistralai/mistral-nemo-12b-instruct,735790403.0,nv-mistralai,1.0,1.0
NVIDIA NIM,nvidia/cosmos-reason2-8b,735790403.0,nvidia,1.0,1.0
NVIDIA NIM,nvidia/embed-qa-4,735790403.0,nvidia,1.0,1.0
NVIDIA NIM,nvidia/llama-3.1-nemoguard-8b-content-safety,735790403.0,nvidia,1.0,1.0
NVIDIA NIM,nvidia/llama-3.1-nemoguard-8b-topic-control,735790403.0,nvidia,1.0,1.0
NVIDIA NIM,nvidia/llama-3.1-nemotron-51b-instruct,735790403.0,nvidia,1.0,1.0
NVIDIA NIM,nvidia/llama-3.1-nemotron-70b-instruct,735790403.0,nvidia,1.0,1.0
NVIDIA NIM,nvidia/llama-3.1-nemotron-70b-reward,735790403.0,nvidia,1.0,1.0
NVIDIA NIM,nvidia/llama-3.1-nemotron-nano-4b-v1.1,735790403.0,nvidia,1.0,1.0
NVIDIA NIM,nvidia/llama-3.1-nemotron-nano-8b-v1,735790403.0,nvidia,1.0,1.0
NVIDIA NIM,nvidia/llama-3.1-nemotron-nano-vl-8b-v1,735790403.0,nvidia,1.0,1.0
NVIDIA NIM,nvidia/llama-3.1-nemotron-safety-guard-8b-v3,735790403.0,nvidia,1.0,1.0
NVIDIA NIM,nvidia/llama-3.1-nemotron-ultra-253b-v1,735790403.0,nvidia,1.0,1.0
NVIDIA NIM,nvidia/llama-3.2-nemoretriever-1b-vlm-embed-v1,735790403.0,nvidia,1.0,1.0
NVIDIA NIM,nvidia/llama-3.2-nemoretriever-300m-embed-v1,735790403.0,nvidia,1.0,1.0
NVIDIA NIM,nvidia/llama-3.2-nemoretriever-300m-embed-v2,735790403.0,nvidia,1.0,1.0
NVIDIA NIM,nvidia/llama-3.2-nv-embedqa-1b-v1,735790403.0,nvidia,1.0,1.0
NVIDIA NIM,nvidia/llama-3.2-nv-embedqa-1b-v2,735790403.0,nvidia,1.0,1.0
NVIDIA NIM,nvidia/llama-3.3-nemotron-super-49b-v1,735790403.0,nvidia,1.0,1.0
NVIDIA NIM,nvidia/llama-3.3-nemotron-super-49b-v1.5,735790403.0,nvidia,1.0,1.0
NVIDIA NIM,nvidia/llama3-chatqa-1.5-70b,735790403.0,nvidia,1.0,1.0
NVIDIA NIM,nvidia/llama3-chatqa-1.5-8b,735790403.0,nvidia,1.0,1.0
NVIDIA NIM,nvidia/mistral-nemo-minitron-8b-8k-instruct,735790403.0,nvidia,1.0,1.0
NVIDIA NIM,nvidia/mistral-nemo-minitron-8b-base,735790403.0,nvidia,1.0,1.0
NVIDIA NIM,nvidia/nemoretriever-parse,735790403.0,nvidia,1.0,1.0
NVIDIA NIM,nvidia/nemotron-3-nano-30b-a3b,735790403.0,nvidia,1.0,1.0
NVIDIA NIM,nvidia/nemotron-4-340b-instruct,735790403.0,nvidia,1.0,1.0
NVIDIA NIM,nvidia/nemotron-4-340b-reward,735790403.0,nvidia,1.0,1.0
NVIDIA NIM,nvidia/nemotron-4-mini-hindi-4b-instruct,735790403.0,nvidia,1.0,1.0
NVIDIA NIM,nvidia/nemotron-mini-4b-instruct,735790403.0,nvidia,1.0,1.0
NVIDIA NIM,nvidia/nemotron-nano-12b-v2-vl,735790403.0,nvidia,1.0,1.0
NVIDIA NIM,nvidia/nemotron-nano-3-30b-a3b,735790403.0,nvidia,1.0,1.0
NVIDIA NIM,nvidia/nemotron-parse,735790403.0,nvidia,1.0,1.0
NVIDIA NIM,nvidia/neva-22b,735790403.0,nvidia,1.0,1.0
NVIDIA NIM,nvidia/nv-embed-v1,735790403.0,nvidia,1.0,1.0
NVIDIA NIM,nvidia/nv-embedcode-7b-v1,735790403.0,nvidia,1.0,1.0
NVIDIA NIM,nvidia/nv-embedqa-e5-v5,735790403.0,nvidia,1.0,1.0
NVIDIA NIM,nvidia/nv-embedqa-mistral-7b-v2,735790403.0,nvidia,1.0,1.0
NVIDIA NIM,nvidia/nvclip,735790403.0,nvidia,1.0,1.0
NVIDIA NIM,nvidia/nvidia-nemotron-nano-9b-v2,735790403.0,nvidia,1.0,1.0
NVIDIA NIM,nvidia/riva-translate-4b-instruct,735790403.0,nvidia,1.0,1.0
NVIDIA NIM,nvidia/riva-translate-4b-instruct-v1.1,735790403.0,nvidia,1.0,1.0
NVIDIA NIM,nvidia/streampetr,735790403.0,nvidia,1.0,1.0
NVIDIA NIM,nvidia/usdcode-llama-3.1-70b-instruct,735790403.0,nvidia,1.0,1.0
NVIDIA NIM,nvidia/vila,735790403.0,nvidia,1.0,1.0
NVIDIA NIM,openai/gpt-oss-120b,735790403.0,openai,1.0,1.0
NVIDIA NIM,openai/gpt-oss-120b,735790403.0,openai,1.0,1.0
NVIDIA NIM,openai/gpt-oss-20b,735790403.0,openai,1.0,1.0
NVIDIA NIM,openai/gpt-oss-20b,735790403.0,openai,1.0,1.0
NVIDIA NIM,opengpt-x/teuken-7b-instruct-commercial-v0.4,735790403.0,opengpt-x,1.0,1.0
NVIDIA NIM,qwen/qwen2-7b-instruct,735790403.0,qwen,1.0,1.0
NVIDIA NIM,qwen/qwen2.5-7b-instruct,735790403.0,qwen,1.0,1.0
NVIDIA NIM,qwen/qwen2.5-coder-32b-instruct,735790403.0,qwen,1.0,1.0
NVIDIA NIM,qwen/qwen2.5-coder-7b-instruct,735790403.0,qwen,1.0,1.0
NVIDIA NIM,qwen/qwen3-235b-a22b,735790403.0,qwen,1.0,1.0
NVIDIA NIM,qwen/qwen3-coder-480b-a35b-instruct,735790403.0,qwen,1.0,1.0
NVIDIA NIM,qwen/qwen3-next-80b-a3b-instruct,735790403.0,qwen,1.0,1.0
NVIDIA NIM,qwen/qwen3-next-80b-a3b-thinking,735790403.0,qwen,1.0,1.0
NVIDIA NIM,qwen/qwq-32b,735790403.0,qwen,1.0,1.0
NVIDIA NIM,rakuten/rakutenai-7b-chat,735790403.0,rakuten,1.0,1.0
NVIDIA NIM,rakuten/rakutenai-7b-instruct,735790403.0,rakuten,1.0,1.0
NVIDIA NIM,sarvamai/sarvam-m,735790403.0,sarvamai,1.0,1.0
NVIDIA NIM,snowflake/arctic-embed-l,735790403.0,snowflake,1.0,1.0
NVIDIA NIM,speakleash/bielik-11b-v2.3-instruct,735790403.0,speakleash,1.0,1.0
NVIDIA NIM,speakleash/bielik-11b-v2.6-instruct,735790403.0,speakleash,1.0,1.0
NVIDIA NIM,stockmark/stockmark-2-100b-instruct,735790403.0,stockmark,1.0,1.0
NVIDIA NIM,thudm/chatglm3-6b,735790403.0,thudm,1.0,1.0
NVIDIA NIM,tiiuae/falcon3-7b-instruct,735790403.0,tiiuae,1.0,1.0
NVIDIA NIM,tokyotech-llm/llama-3-swallow-70b-instruct-v0.1,735790403.0,tokyotech-llm,1.0,1.0
NVIDIA NIM,upstage/solar-10.7b-instruct,735790403.0,upstage,1.0,1.0
NVIDIA NIM,utter-project/eurollm-9b-instruct,735790403.0,utter-project,1.0,1.0
NVIDIA NIM,writer/palmyra-creative-122b,735790403.0,writer,1.0,1.0
NVIDIA NIM,writer/palmyra-fin-70b-32k,735790403.0,writer,1.0,1.0
NVIDIA NIM,writer/palmyra-med-70b,735790403.0,writer,1.0,1.0
NVIDIA NIM,writer/palmyra-med-70b-32k,735790403.0,writer,1.0,1.0
NVIDIA NIM,yentinglin/llama-3-taiwan-70b-instruct,735790403.0,yentinglin,1.0,1.0
NVIDIA NIM,z-ai/glm4.7,735790403.0,z-ai,1.0,1.0
NVIDIA NIM,zyphra/zamba2-7b-instruct,735790403.0,zyphra,1.0,1.0
Cerebras,llama3.1-70b,,,1.0,1.0
Cerebras,llama3.1-8b,,,1.0,1.0
Groq,llama-3.1-70b-versatile,,,0.59,0.79
Groq,llama-3.1-8b-instant,,,0.05,0.08
Groq,mixtral-8x7b-32768,,,0.24,0.24
Groq,gemma2-9b-it,,,0.2,0.2
OpenAI,gpt-4o,,,2.5,10.0
OpenAI,gpt-4o-mini,,,2.5,10.0
OpenAI,gpt-3.5-turbo,,,0.5,1.5
Mistral,mistral-large-latest,,,2.0,6.0
Mistral,mistral-small-latest,,,0.2,0.6
Mistral,codestral-latest,,,1.0,3.0
Mistral,open-mistral-nemo,,,1.0,1.0
Google GoogleAI,gemini-1.5-pro,,,3.5,10.5
Google GoogleAI,gemini-1.5-flash,,,0.075,0.3
Together AI,meta-llama/Llama-3-70b-chat-hf,,,0.9,0.9
Together AI,Qwen/Qwen2-72B-Instruct,,,0.4,0.4
Fireworks AI,accounts/fireworks/models/llama-v3p1-70b-instruct,,,1.0,1.0
Fireworks AI,accounts/fireworks/models/qwen2-72b-instruct,,,1.0,1.0
DeepSeek,deepseek-chat,,,0.14,0.28
DeepSeek,deepseek-coder,,,0.14,0.28
Perplexity,llama-3-sonar-large-32k-online,,,1.0,1.0
Perplexity,llama-3-sonar-small-32k-chat,,,1.0,1.0
Novita AI,deepseek/deepseek-v3.2,1764588967.0,unknown,1.0,1.0
Novita AI,minimax/minimax-m2.1,1766485136.0,unknown,1.0,1.0
Novita AI,zai-org/glm-4.7,1766422299.0,unknown,1.0,1.0
Novita AI,xiaomimimo/mimo-v2-flash,1766140400.0,unknown,1.0,1.0
Novita AI,zai-org/autoglm-phone-9b-multilingual,1765370191.0,unknown,1.0,1.0
Novita AI,moonshotai/kimi-k2-thinking,1762480786.0,unknown,1.0,1.0
Novita AI,minimax/minimax-m2,1761536024.0,unknown,1.0,1.0
Novita AI,paddlepaddle/paddleocr-vl,1761138629.0,unknown,1.0,1.0
Novita AI,deepseek/deepseek-v3.2-exp,1759142233.0,unknown,1.0,1.0
Novita AI,qwen/qwen3-vl-235b-a22b-thinking,1758695177.0,unknown,1.0,1.0
Novita AI,zai-org/glm-4.6v,1765204180.0,unknown,1.0,1.0
Novita AI,zai-org/glm-4.6,1759220284.0,unknown,1.0,1.0
Novita AI,kwaipilot/kat-coder-pro,1767593645.0,unknown,1.0,1.0
Novita AI,kat-coder,1759238409.0,unknown,1.0,1.0
Novita AI,qwen/qwen3-next-80b-a3b-instruct,1757534155.0,unknown,1.0,1.0
Novita AI,qwen/qwen3-next-80b-a3b-thinking,1757533943.0,unknown,1.0,1.0
Novita AI,deepseek/deepseek-ocr,1761290363.0,unknown,1.0,1.0
Novita AI,deepseek/deepseek-v3.1-terminus,1758549812.0,unknown,1.0,1.0
Novita AI,qwen/qwen3-vl-235b-a22b-instruct,1758695214.0,unknown,1.0,1.0
Novita AI,qwen/qwen3-max,1758682246.0,unknown,1.0,1.0
Novita AI,skywork/r1v4-lite,1763437112.0,unknown,1.0,1.0
Novita AI,deepseek/deepseek-v3.1,1755759094.0,unknown,1.0,1.0
Novita AI,moonshotai/kimi-k2-0905,1757052991.0,unknown,1.0,1.0
Novita AI,qwen/qwen3-coder-480b-a35b-instruct,1753233789.0,unknown,1.0,1.0
Novita AI,qwen/qwen3-coder-30b-a3b-instruct,1759991077.0,unknown,1.0,1.0
Novita AI,openai/gpt-oss-120b,1754438873.0,unknown,1.0,1.0
Novita AI,moonshotai/kimi-k2-instruct,1752263515.0,unknown,1.0,1.0
Novita AI,deepseek/deepseek-v3-0324,1742909352.0,unknown,1.0,1.0
Novita AI,zai-org/glm-4.5,1753709673.0,unknown,1.0,1.0
Novita AI,qwen/qwen3-235b-a22b-thinking-2507,1753443150.0,unknown,1.0,1.0
Novita AI,meta-llama/llama-3.1-8b-instruct,1721801867.0,unknown,1.0,1.0
Novita AI,google/gemma-3-12b-it,1756965597.0,unknown,1.0,1.0
Novita AI,zai-org/glm-4.5v,1754914926.0,unknown,1.0,1.0
Novita AI,openai/gpt-oss-20b,1754438961.0,unknown,1.0,1.0
Novita AI,qwen/qwen3-235b-a22b-instruct-2507,1753176794.0,unknown,1.0,1.0
Novita AI,deepseek/deepseek-r1-distill-qwen-14b,1738498371.0,unknown,1.0,1.0
Novita AI,meta-llama/llama-3.3-70b-instruct,1733560109.0,unknown,1.0,1.0
Novita AI,qwen/qwen-2.5-72b-instruct,1728962258.0,unknown,1.0,1.0
Novita AI,mistralai/mistral-nemo,1722337858.0,unknown,1.0,1.0
Novita AI,minimaxai/minimax-m1-80k,1750139830.0,unknown,1.0,1.0
Novita AI,deepseek/deepseek-r1-0528,1748457624.0,unknown,1.0,1.0
Novita AI,deepseek/deepseek-r1-distill-qwen-32b,1738498293.0,unknown,1.0,1.0
Novita AI,meta-llama/llama-3-8b-instruct,1714024874.0,unknown,1.0,1.0
Novita AI,microsoft/wizardlm-2-8x22b,1713938472.0,unknown,1.0,1.0
Novita AI,deepseek/deepseek-r1-0528-qwen3-8b,1748526709.0,unknown,1.0,1.0
Novita AI,deepseek/deepseek-r1-distill-llama-70b,1737957190.0,unknown,1.0,1.0
Novita AI,meta-llama/llama-3-70b-instruct,1714024815.0,unknown,1.0,1.0
Novita AI,qwen/qwen3-235b-a22b-fp8,1745897024.0,unknown,1.0,1.0
Novita AI,meta-llama/llama-4-maverick-17b-128e-instruct-fp8,1743906990.0,unknown,1.0,1.0
Novita AI,meta-llama/llama-4-scout-17b-16e-instruct,1743906925.0,unknown,1.0,1.0
Novita AI,nousresearch/hermes-2-pro-llama-3-8b,1719493012.0,unknown,1.0,1.0
Novita AI,qwen/qwen2.5-vl-72b-instruct,1742888969.0,unknown,1.0,1.0
Novita AI,sao10k/l3-70b-euryale-v2.1,1718699128.0,unknown,1.0,1.0
Novita AI,baidu/ernie-4.5-21B-a3b-thinking,1758272653.0,unknown,1.0,1.0
Novita AI,sao10k/l3-8b-lunaris,1732791714.0,unknown,1.0,1.0
Novita AI,baichuan/baichuan-m2-32b,1755106514.0,unknown,1.0,1.0
Novita AI,thudm/glm-4.1v-9b-thinking,1752056181.0,unknown,1.0,1.0
Novita AI,baidu/ernie-4.5-vl-424b-a47b,1751258620.0,unknown,1.0,1.0
Novita AI,baidu/ernie-4.5-300b-a47b-paddle,1751243379.0,unknown,1.0,1.0
Novita AI,deepseek/deepseek-prover-v2-671b,1746010994.0,unknown,1.0,1.0
Novita AI,qwen/qwen3-32b-fp8,1745897287.0,unknown,1.0,1.0
Novita AI,qwen/qwen3-30b-a3b-fp8,1745897181.0,unknown,1.0,1.0
Novita AI,google/gemma-3-27b-it,1742889385.0,unknown,1.0,1.0
Novita AI,deepseek/deepseek-v3-turbo,1741174512.0,unknown,1.0,1.0
Novita AI,deepseek/deepseek-r1-turbo,1741174465.0,unknown,1.0,1.0
Novita AI,Sao10K/L3-8B-Stheno-v3.2,1732875917.0,unknown,1.0,1.0
Novita AI,gryphe/mythomax-l2-13b,1714024873.0,unknown,1.0,1.0
Novita AI,baidu/ernie-4.5-vl-28b-a3b-thinking,1764128673.0,unknown,1.0,1.0
Novita AI,qwen/qwen3-vl-8b-instruct,1760687842.0,unknown,1.0,1.0
Novita AI,zai-org/glm-4.5-air,1760367673.0,unknown,1.0,1.0
Novita AI,qwen/qwen3-vl-30b-a3b-instruct,1760182393.0,unknown,1.0,1.0
Novita AI,qwen/qwen3-vl-30b-a3b-thinking,1760182346.0,unknown,1.0,1.0
Novita AI,qwen/qwen3-omni-30b-a3b-thinking,1758695093.0,unknown,1.0,1.0
Novita AI,qwen/qwen3-omni-30b-a3b-instruct,1758695025.0,unknown,1.0,1.0
Novita AI,qwen/qwen-mt-plus,1756888269.0,unknown,1.0,1.0
Novita AI,baidu/ernie-4.5-vl-28b-a3b,1751258754.0,unknown,1.0,1.0
Novita AI,baidu/ernie-4.5-21B-a3b,1751258682.0,unknown,1.0,1.0
Novita AI,qwen/qwen3-8b-fp8,1745901633.0,unknown,1.0,1.0
Novita AI,qwen/qwen3-4b-fp8,1745901504.0,unknown,1.0,1.0
Novita AI,qwen/qwen2.5-7b-instruct,1744797581.0,unknown,1.0,1.0
Novita AI,meta-llama/llama-3.2-3b-instruct,1732607748.0,unknown,1.0,1.0
Novita AI,sao10k/l31-70b-euryale-v2.2,1726742141.0,unknown,1.0,1.0
Lambda Labs,hermes-3-llama-3.1-405b,,,1.0,1.0
DeepInfra,meta-llama/Meta-Llama-3-70B-Instruct,,,1.0,1.0
DeepInfra,Qwen/Qwen2-72B-Instruct,,,0.4,0.4
Unify,llama-3-70b-chat@groq,,,1.0,1.0
Unify,gpt-4o@openai,,,2.5,10.0
Aimbase,gpt-4o,,,2.5,10.0
Aimbase,gpt-4o-mini,,,2.5,10.0
Hyperbolic,meta-llama/Llama-3-70b-instruct,,,1.0,1.0
Hyperbolic,meta-llama/Llama-2-7b-chat-hf,,,1.0,1.0
Ollama (Local),llama3.1,,,1.0,1.0
Ollama (Local),mistral,,,1.0,1.0
Ollama (Local),qwen2,,,1.0,1.0
Ollama (Local),phi3,,,1.0,1.0
